field_id,n_obs,peak,floor,amplitude,greenup,decline,season_days,cohort_season_days,cohort_size,shortfall_days,priority,category,greenup_date,decline_date
1875,52,0.5158014371991158,0.16749402840176353,0.3613517101368179,110.18444605521502,169.01199424826532,58.827548193050305,135.98784995466926,23,77.16030176161895,True,Priority: green season ended early,2022-11-19,2023-01-17
201,52,0.538937082109244,0.11729525110643843,0.4472119612214358,6.846825786957799,81.96466812281322,75.11784233585543,147.71196675717079,14,72.59412442131536,True,Priority: green season ended early,2022-08-07,2022-10-21
2741,58,0.49368989668213403,0.10125250068421547,0.41310502775013447,19.41236304283521,89.60429304314702,70.19193000031181,130.48317947396617,20,60.29124947365436,True,Priority: green season ended early,2022-08-20,2022-10-29
2618,72,0.3828316125850957,0.1553619822258489,0.23480052444501473,106.98092767771081,178.00983279748235,71.02890511977154,131.15881147011652,33,60.12990635034498,True,Priority: green season ended early,2022-11-15,2023-01-26
2508,53,0.32215960357935375,0.1076566830618691,0.23280527203820134,14.079538903961357,101.0244759553724,86.94493705141105,146.9411914539804,17,59.99625440256935,True,Priority: green season ended early,2022-08-15,2022-11-10
54,63,0.3633771679364145,0.11910767054185271,0.25975113743916156,120.67965139750038,203.67859866322982,82.99894726572944,139.3429491866919,25,56.344001920962455,True,Priority: green season ended early,2022-11-29,2023-02-20
27,52,0.42643845574213907,0.08609134165140299,0.3487542589409993,7.431498842067894,98.1176946027741,90.6861957607062,146.9411914539804,15,56.254995693274196,True,Priority: green season ended early,2022-08-08,2022-11-07
2535,53,0.6338341793779171,0.07190095430070703,0.5644835974230911,4.293002524300172,96.74252742887097,92.4495249045708,147.71196675717079,14,55.26244185259999,True,Priority: green season ended early,2022-08-05,2022-11-05
477,52,0.45614526622435625,0.11701435572522528,0.3516357757589396,5.820662531308252,99.35294870885956,93.5322861775513,147.71196675717079,14,54.179680579619486,True,Priority: green season ended early,2022-08-06,2022-11-08
1028,52,0.43718823333901746,0.21513670171681112,0.2663050283507634,77.49743808259072,109.97402013181132,32.476582049220596,83.15063624412585,243,50.67405419490525,True,Priority: green season ended early,2022-10-17,2022-11-18
2795,53,0.3893254773430927,0.1454823026199922,0.254993403590815,15.137664009488073,117.39524413854951,102.25758012906144,146.9411914539804,17,44.68361132491896,True,Priority: green season ended early,2022-08-16,2022-11-26
2449,54,0.5721475220513794,0.0664210485399894,0.5102104698645817,64.29627085378415,111.50393648246819,47.20766562868404,83.20453126920059,209,35.996865640516546,True,Priority: green season ended early,2022-10-04,2022-11-20
1781,53,0.5513338828864305,0.07455907998500466,0.4819960059409124,73.74456681818278,123.91017156802435,50.16560474984158,83.15063624412585,247,32.98503149428427,True,Priority: green season ended early,2022-10-13,2022-12-02
2490,53,0.5912431066340589,0.07181283411510447,0.5282146699251014,63.41847681663095,115.38678574846115,51.9683089318302,83.77794828955635,205,31.809639357726148,True,Priority: green season ended early,2022-10-03,2022-11-24
2464,53,0.5855445987648434,0.06917916047904227,0.5206224956446224,62.780038674486676,114.48565726717081,51.70561859268413,83.20453126920059,201,31.498912676516454,True,Priority: green season ended early,2022-10-02,2022-11-23
206,51,0.5645594162395201,0.09012528311416328,0.4928111892014023,67.45735645180564,119.95184547292887,52.49448902112323,83.19112054703727,235,30.696631525914043,True,Priority: green season ended early,2022-10-07,2022-11-28
1487,53,0.6302210328479608,0.378629699922525,0.3184796106547882,142.18374977102266,240.18061294390267,97.99686317288001,128.0983037624025,18,30.101440589522497,True,Priority: green season ended early,2022-12-21,2023-03-29
2205,54,0.4246466230363288,0.0725136146860871,0.3633195367106732,65.05743331869698,119.39738170667997,54.339948387982986,82.62549260358503,218,28.285544215602044,True,Priority: green season ended early,2022-10-05,2022-11-28
2563,53,0.6550626893612471,0.06596094107424672,0.5948997281322425,59.89808231248602,117.36955351204057,57.47147119955455,85.37069637349644,176,27.899225173941893,True,Priority: green season ended early,2022-09-29,2022-11-26
2212,53,0.5016327082073386,0.06761049893507852,0.4357244395827756,58.108311199961335,116.0884911174154,57.980179917454066,85.25091786423373,149,27.27073794677966,True,Priority: green season ended early,2022-09-28,2022-11-25
755,51,0.6045522445440292,0.06598086779316266,0.5430850546558698,76.50209068668357,133.48386386379093,56.98177317710736,83.19112054703727,245,26.209347369929915,True,Priority: green season ended early,2022-10-16,2022-12-12
2916,53,0.4904391237431102,0.07661194559600618,0.424871971954902,72.49889272590674,129.47676075006007,56.977868024153324,83.15063624412585,247,26.172768219972525,True,Priority: green season ended early,2022-10-12,2022-12-08
1315,51,0.553347800384488,0.13241443992183918,0.43335960112642824,71.32594873711851,128.42703925217472,57.101090515056214,82.90888726670742,244,25.80779675165121,True,Priority: green season ended early,2022-10-11,2022-12-07
2789,53,0.6133871848384539,0.06643048322035207,0.550733729645058,73.22298578964727,132.97632401911704,59.753338229469776,83.15063624412585,247,23.397298014656073,False,Normal crop cycle,2022-10-13,2022-12-11
3003,60,0.5523080829117033,0.11231444681684176,0.4425036317772335,152.9884534320744,252.69114357749606,99.70269014542166,123.05194484788095,13,23.34925470245929,False,Normal crop cycle,2022-12-31,2023-04-10
2626,53,0.4743468890511511,0.11685995966139077,0.37646648349742584,56.40452894532099,117.00384517932794,60.59931623400695,83.8445141958826,120,23.245197961875647,False,Normal crop cycle,2022-09-26,2022-11-26
2467,53,0.44735265510638106,0.07666426949370443,0.3773648189694694,76.07858306082301,136.47292992343648,60.394346862613475,83.17087839558155,246,22.77653153296808,False,Normal crop cycle,2022-10-16,2022-12-15
766,52,0.40979487713166446,0.09984569628398086,0.31740222594072653,67.67478673133758,128.8950899374558,61.22030320611822,82.92912941816314,236,21.708826212044926,False,Normal crop cycle,2022-10-07,2022-12-07
2006,53,0.4381277293772311,0.11508469992392772,0.3375734872109181,66.01947573272253,127.38502463718098,61.36554890445845,82.92912941816314,230,21.563580513704693,False,Normal crop cycle,2022-10-06,2022-12-06
1473,51,0.6567981513217092,0.0702143645612523,0.5891076991101727,75.63277982294204,137.6763949448036,62.04361512186156,83.19112054703727,247,21.14750542517571,False,Normal crop cycle,2022-10-15,2022-12-16
1580,51,0.6092954730987549,0.0917847627401352,0.5336040759459137,152.15349928417916,254.42674640494312,102.27324712076395,123.05194484788095,13,20.77869772711699,False,Normal crop cycle,2022-12-31,2023-04-12
97,53,0.39275631308555603,0.1457728047141754,0.26362240794696845,130.65546774713098,246.02816407634603,115.37269632921505,135.98784995466926,19,20.615153625454212,False,Normal crop cycle,2022-12-09,2023-04-04
2695,53,0.44251689112380793,0.08879243859685726,0.36302815686610546,75.37613318475476,138.3501133622317,62.97398017747693,83.19112054703727,247,20.21714036956034,False,Normal crop cycle,2022-10-15,2022-12-17
2296,54,0.5835817708219919,0.2779392988943472,0.3877467072700077,203.31596857626909,244.13711118158855,40.821142605319466,61.01366885630739,38,20.192526250987925,False,Normal crop cycle,2023-02-20,2023-04-02
44,52,0.5358324761574085,0.09993675312457176,0.4491681072574395,112.35249232461234,233.30120480504237,120.94871248043003,140.51731519258334,22,19.568602712153307,False,Normal crop cycle,2022-11-21,2023-03-22
571,52,0.4998627943218564,0.14164375893822218,0.3940484906416134,70.48235355677532,133.91806468617617,63.43571112940084,82.90888726670742,244,19.47317613730658,False,Normal crop cycle,2022-10-10,2022-12-12
28,51,0.5156691710917501,0.07841790672562537,0.4404147546567502,70.65388870836156,134.16515053985125,63.51126183148969,82.90888726670742,244,19.397625435217734,False,Normal crop cycle,2022-10-10,2022-12-13
1304,53,0.5426862944485777,0.07022902243218179,0.4837260632696798,79.58985783843714,143.77924661726527,64.18938877882813,82.667138289289,239,18.477749510460868,False,Normal crop cycle,2022-10-19,2022-12-22
2253,54,0.5920930643166814,0.18636446403258808,0.4613641353235358,113.88706594774297,233.2919887553506,119.40492280760762,137.66539957068056,24,18.260476763072944,False,Normal crop cycle,2022-11-22,2023-03-22
1249,51,0.6364538137401853,0.0781441812536546,0.5733771648198839,74.32356875453779,139.27932337026888,64.9557546157311,83.15063624412585,247,18.194881628394754,False,Normal crop cycle,2022-10-14,2022-12-18
2097,57,0.6575525398574659,0.07052206875784184,0.5931056942790747,75.85791085839905,140.8562688091303,64.99835795073126,83.19112054703727,247,18.19276259630601,False,Normal crop cycle,2022-10-15,2022-12-19
29,51,0.5741790803805203,0.06445677326598638,0.5129312591653474,71.10911453269712,136.57699082460064,65.46787629190352,82.90888726670742,244,17.441010974803902,False,Normal crop cycle,2022-10-11,2022-12-15
2433,58,0.5585981635031877,0.06421920007301701,0.5045658709412372,84.13256999549323,150.14847956266652,66.0159095671733,83.17087839558155,228,17.154968828408258,False,Normal crop cycle,2022-10-24,2022-12-29
134,51,0.40454237564009127,0.0887635488189378,0.3269364214107647,70.06881942328717,135.61940971590678,65.55059029261962,82.667138289289,243,17.116547996669382,False,Normal crop cycle,2022-10-10,2022-12-14
83,51,0.42170236289238616,0.07427204198446043,0.347918582005254,79.61923164769559,145.28946970252096,65.67023805482538,82.667138289289,239,16.996900234463624,False,Normal crop cycle,2022-10-19,2022-12-24
2739,53,0.45205668413531996,0.07008120696880146,0.3909924270551719,72.08324445195359,138.32393560248516,66.24069115053157,82.90888726670742,246,16.66819611617585,False,Normal crop cycle,2022-10-12,2022-12-17
2556,53,0.6306711947140486,0.06995683573186398,0.5638489748310784,81.07922595894311,147.41179828199662,66.33257232305351,82.90888726670742,234,16.576314943653912,False,Normal crop cycle,2022-10-21,2022-12-26
2102,53,0.5351838085326281,0.11621402789245952,0.43884198822758413,69.23694960108814,135.41177412489574,66.1748245238076,82.62549260358503,240,16.45066807977743,False,Normal crop cycle,2022-10-09,2022-12-14
562,52,0.544933621404749,0.06330311343525395,0.488702272036762,70.59783172308033,137.23674268498488,66.63891096190454,82.90888726670742,244,16.26997630480288,False,Normal crop cycle,2022-10-10,2022-12-16
2726,53,0.5640260230587877,0.06932394289128159,0.508945947755938,75.6409539758817,142.76858714549888,67.12763316961718,83.19112054703727,247,16.06348737742009,False,Normal crop cycle,2022-10-15,2022-12-21
2304,54,0.4917026947734049,0.13419302210142392,0.3801579491532773,67.673811372042,134.62525459025835,66.95144321821635,82.92912941816314,236,15.977686199946788,False,Normal crop cycle,2022-10-07,2022-12-13
2561,58,0.5384858267551119,0.05470941899852319,0.4913429051468319,99.5043469347514,166.00849315971098,66.50414622495958,82.38728766079242,93,15.88314143583284,False,Normal crop cycle,2022-11-08,2023-01-14
2767,58,0.5817332680647572,0.10349686253739863,0.48596138971521946,235.19764681100966,279.22678713281107,44.02914032180141,59.88079923618662,37,15.851658914385212,False,Normal crop cycle,2023-03-24,2023-05-07
2423,58,0.5585198314941447,0.06994193983466729,0.4984606254197981,78.33456129116169,145.82247209798012,67.48791080681843,83.17087839558155,240,15.68296758876312,False,Normal crop cycle,2022-10-18,2022-12-24
962,51,0.5649026390579012,0.07059871819284227,0.497962696188026,81.07983099173664,148.67232182975366,67.59249083801701,82.90888726670742,234,15.31639642869041,False,Normal crop cycle,2022-10-21,2022-12-27
2898,53,0.560572565478437,0.06429600130352708,0.49829342535703003,78.89352653961059,146.78693859057486,67.89341205096427,83.17087839558155,240,15.277466344617281,False,Normal crop cycle,2022-10-18,2022-12-25
2331,56,0.4751112494502485,0.10983661075420294,0.37424848094275315,78.19062732886864,146.16259829753602,67.97197096866738,83.17087839558155,240,15.198907426914175,False,Normal crop cycle,2022-10-18,2022-12-25
2364,54,0.37297653981319095,0.13510085217236917,0.261435408702242,69.79085496732367,137.25954041441193,67.46868544708826,82.667138289289,241,15.198452842200737,False,Normal crop cycle,2022-10-09,2022-12-16
2120,56,0.553893633913703,0.11728766724103834,0.4486193802071417,63.70552663780141,132.02752517108982,68.32199853328841,83.20453126920059,207,14.882532735912179,False,Normal crop cycle,2022-10-03,2022-12-11
938,51,0.5049102285627237,0.07994308821933786,0.4420896601123908,76.92404060912318,145.2247757469293,68.30073513780613,83.17087839558155,244,14.870143257775425,False,Normal crop cycle,2022-10-16,2022-12-24
1389,51,0.41953022468645695,0.07353776794368938,0.3566309443469775,81.75820644711779,150.51769855772937,68.75949211061159,82.90888726670742,234,14.149395156095835,False,Normal crop cycle,2022-10-21,2022-12-29
1907,58,0.47362866934309616,0.0697779747875447,0.4131211881783415,87.53368969199954,156.39907811716418,68.86538842516464,82.90888726670742,216,14.043498841542785,False,Normal crop cycle,2022-10-27,2023-01-04
2055,57,0.3943861570764095,0.11621836921636094,0.28370082774694927,220.1425815977151,266.10380687440835,45.961225276693256,59.79907364149085,53,13.837848364797594,False,Normal crop cycle,2023-03-09,2023-04-24
2562,53,0.5557841961361041,0.08623571050394872,0.48052782595015253,260.27261364634114,321.44949143507984,61.17687778873869,74.91448148245763,9,13.737603693718938,False,Normal crop cycle,2023-04-18,2023-06-18
632,52,0.36771918142383747,0.10141364146362651,0.2802774173292247,150.85178301624796,260.56276412854584,109.71098111229787,123.38896047570834,14,13.677979363410472,False,Normal crop cycle,2022-12-29,2023-04-18
657,51,0.5722105940993951,0.059217216028850904,0.5218650527602555,88.1618003851346,158.15208579879715,69.99028541366255,83.19112054703727,213,13.200835133374724,False,Normal crop cycle,2022-10-28,2023-01-06
2269,53,0.35904729329817686,0.0907692993155767,0.2700500679154371,75.92951761173968,146.0652963678345,70.13577875609481,83.19112054703727,247,13.055341790942464,False,Normal crop cycle,2022-10-15,2022-12-25
848,51,0.6899093179741785,0.09925888072965401,0.6296400858444117,235.01862643108961,282.0679884851741,47.0493620540845,59.839936438838734,38,12.790574384754237,False,Normal crop cycle,2023-03-24,2023-05-10
2651,58,0.46224626165349036,0.10649829135509208,0.37553125072736293,235.7619136660694,282.91356300856006,47.15164934249066,59.88079923618662,37,12.729149893695961,False,Normal crop cycle,2023-03-24,2023-05-10
859,74,0.38567235344840634,0.07816666375191612,0.31941131910328,75.70804957723401,146.20129993955388,70.49325036231987,83.19112054703727,247,12.697870184717402,False,Normal crop cycle,2022-10-15,2022-12-25
1948,54,0.4866600320873789,0.11030999571084976,0.3878251584210516,66.3190578800058,137.0705168017215,70.75145892171571,82.92912941816314,230,12.177670496447433,False,Normal crop cycle,2022-10-06,2022-12-16
2678,53,0.4141532299389322,0.07676358500787292,0.3488634724663683,74.37494198469959,145.35308398697205,70.97814200227246,83.15063624412585,247,12.172494241853386,False,Normal crop cycle,2022-10-14,2022-12-24
1210,52,0.624283367201038,0.0758519009767991,0.5616901143575492,75.83987773726483,147.89238061042707,72.05250287316224,83.19112054703727,247,11.138617673875032,False,Normal crop cycle,2022-10-15,2022-12-26
2817,58,0.5057717646658421,0.1793611964099109,0.33689926233142614,229.02052313555788,277.66827724114455,48.64775410558667,59.59650361474661,45,10.948749509159938,False,Normal crop cycle,2023-03-18,2023-05-05
2386,53,0.41794930581624307,0.13161575351531307,0.31307860061836734,76.45562103810782,148.75036991755385,72.29474887944603,83.19112054703727,245,10.89637166759124,False,Normal crop cycle,2022-10-16,2022-12-27
2763,53,0.47006963461637497,0.07417554887384176,0.40028075478971004,78.14505348174578,150.44235757041034,72.29730408866456,83.17087839558155,240,10.873574306916993,False,Normal crop cycle,2022-10-18,2022-12-29
1134,51,0.5909695053292859,0.09482109143088262,0.5091891623232314,206.81723478747853,257.16402694144614,50.34679215396761,61.14612592354811,39,10.7993337695805,False,Normal crop cycle,2023-02-23,2023-04-15
1120,51,0.47336403935788623,0.1661388776208981,0.3568939287439886,62.81179607848509,135.28614651108725,72.47435043260217,83.20453126920059,201,10.730180836598421,False,Normal crop cycle,2022-10-02,2022-12-14
2378,53,0.35118020562354674,0.11826834535884286,0.2598349509571127,41.75406984124682,143.1592571013078,101.40518726006097,112.12167979503009,24,10.71649253496912,False,Normal crop cycle,2022-09-11,2022-12-22
2200,56,0.5607917408148447,0.07731954900570857,0.4935236326706262,84.98432241045909,157.56426503481953,72.57994262436044,83.15063624412585,225,10.570693619765407,False,Normal crop cycle,2022-10-24,2023-01-05
2716,59,0.6071656582431054,0.17896463961248668,0.43916849896941385,229.37866394010626,278.4864213247625,49.107757384656225,59.588403900891876,43,10.480646516235652,False,Normal crop cycle,2023-03-18,2023-05-06
1698,52,0.49648935937169775,0.07952256161552756,0.42165906432626854,82.89360318318543,155.54546026859447,72.65185708540903,82.90888726670742,230,10.25703018129839,False,Normal crop cycle,2022-10-22,2023-01-03
280,79,0.49298872626744783,0.0756822806838333,0.4237499900058016,75.53706460784058,148.50347749296537,72.9664128851248,83.19112054703727,247,10.224707661912475,False,Normal crop cycle,2022-10-15,2022-12-27
2217,54,0.3909776314824551,0.08987412254351217,0.3187723441032676,178.67038396429115,281.87528292309145,103.2048989588003,113.35031622614031,7,10.145417267340008,False,Normal crop cycle,2023-01-26,2023-05-09
1753,52,0.5062467510883625,0.06913067124497432,0.44060749096366075,83.66703516087222,156.75776107870914,73.09072591783692,83.15063624412585,229,10.059910326288929,False,Normal crop cycle,2022-10-23,2023-01-04
403,51,0.4716827659202473,0.11848470182823283,0.36254592805302566,85.44244254498507,158.6658725169374,73.22342997195234,83.15063624412585,223,9.927206272173507,False,Normal crop cycle,2022-10-25,2023-01-06
2498,58,0.49676717261769876,0.0673765059504936,0.44210142058445445,81.5529522490524,154.69747367342467,73.14452142437227,82.90888726670742,234,9.764365842335152,False,Normal crop cycle,2022-10-21,2023-01-02
2836,53,0.597813803864562,0.07602190605324248,0.5283531477755826,84.31681349016873,157.80316634810933,73.4863528579406,83.19112054703727,227,9.70476768909667,False,Normal crop cycle,2022-10-24,2023-01-05
1858,52,0.6097470379124085,0.07065075368154794,0.5462502779749532,70.15633766662157,143.21005894139086,73.05372127476929,82.667138289289,243,9.613417014519712,False,Normal crop cycle,2022-10-10,2022-12-22
3001,61,0.5793387560134239,0.07268402387275763,0.5084504721329568,77.25921069899498,150.87437740286094,73.61516670386597,83.17087839558155,244,9.555711691715587,False,Normal crop cycle,2022-10-17,2022-12-29
1746,53,0.5101287234998957,0.08898050711502002,0.4286036130748218,57.5903328355318,131.97018312856557,74.37985029303377,83.91108010220883,139,9.53122980917506,False,Normal crop cycle,2022-09-27,2022-12-10
1032,51,0.4613274614547045,0.08203216778640529,0.385259014817367,66.41927653377499,139.87558674689902,73.45631021312403,82.92912941816314,230,9.472819205039116,False,Normal crop cycle,2022-10-06,2022-12-18
2429,53,0.6188810961320996,0.10420480532792666,0.5323148456133776,210.24755541662606,261.5968299215588,51.349274504932765,60.79089301378512,44,9.441618508852358,False,Normal crop cycle,2023-02-27,2023-04-19
177,66,0.5725475517304047,0.08251979691988748,0.4991845074717117,81.17950120055357,154.67982210004968,73.5003208994961,82.90888726670742,234,9.408566367211321,False,Normal crop cycle,2022-10-21,2023-01-02
1457,52,0.5099803002675375,0.07292100940893094,0.4410508595903715,237.71825654160912,289.1954871601582,51.4772306185491,60.8174501937214,34,9.340219575172299,False,Normal crop cycle,2023-03-26,2023-05-17
2995,53,0.5560393999330699,0.1772232623770833,0.3907635351642966,153.8907269645419,256.1042319270102,102.21350496246828,111.53064866921909,10,9.317143706750812,False,Normal crop cycle,2023-01-01,2023-04-14
2406,58,0.5560315603377836,0.07970866653443183,0.48458842110613853,78.99579108666335,152.91764005539162,73.92184896872827,83.15063624412585,239,9.228787275397579,False,Normal crop cycle,2022-10-18,2022-12-31
1446,52,0.47432115729208346,0.06628284819976048,0.41554715629253125,88.98859432953695,163.1626360534746,74.17404172393766,83.19782590811893,212,9.023784184181267,False,Normal crop cycle,2022-10-28,2023-01-11
2896,53,0.5259655513847717,0.06262049031528559,0.4653792821924494,84.54221569064141,158.93314392996766,74.39092823932624,83.17087839558155,226,8.77995015625531,False,Normal crop cycle,2022-10-24,2023-01-06
733,50,0.3895891899454225,0.16427458344200221,0.24609777978477407,80.80143600884517,155.08474317842635,74.28330716958118,82.90888726670742,234,8.625580097126246,False,Normal crop cycle,2022-10-20,2023-01-03
1254,53,0.39265835016910267,0.12422319020686755,0.3005627563584652,35.999434843948166,157.31247931146243,121.31304446751426,129.85276279746182,13,8.539718329947561,False,Normal crop cycle,2022-09-05,2023-01-05
2126,53,0.48981770873069763,0.05413595777242742,0.43964089017282143,236.68564725433328,288.4853593670758,51.7997121127425,60.2906867373451,36,8.4909746246026,False,Normal crop cycle,2023-03-25,2023-05-16
1712,56,0.4631950709109123,0.3012934148741456,0.17948730576496857,205.566860681877,258.6816606587669,53.114799976889884,61.48929946316699,40,8.374499486277102,False,Normal crop cycle,2023-02-22,2023-04-16
1739,53,0.6380879939407915,0.07114096222495711,0.5815525104266566,78.12110973717654,152.94477088639061,74.82366114921408,83.17087839558155,240,8.347217246367478,False,Normal crop cycle,2022-10-18,2022-12-31
18,52,0.5438457931227544,0.07433632317132183,0.47665509416275664,218.25174071311196,269.7645168615612,51.51277614844926,59.59650361474661,51,8.083727466297347,False,Normal crop cycle,2023-03-07,2023-04-27
2397,53,0.49652605734088207,0.13522748532620346,0.3952185800807043,215.19461792378152,267.08876083899065,51.89414291520913,59.88079923618662,47,7.986656320977488,False,Normal crop cycle,2023-03-04,2023-04-25
2822,53,0.5920487415790557,0.06450038358569145,0.5331267174333334,82.13429794809355,157.11393443086766,74.97963648277411,82.90888726670742,234,7.929250783933313,False,Normal crop cycle,2022-10-22,2023-01-05
621,50,0.37622690573334694,0.05833135472367639,0.31824202657393785,85.03981596992308,160.34815274693574,75.30833677701266,83.15063624412585,225,7.842299467113193,False,Normal crop cycle,2022-10-25,2023-01-08
2697,58,0.40853836622677353,0.07306296760426428,0.3431048198862183,82.60317994116531,157.82544446800867,75.22226452684336,82.90888726670742,234,7.686622739864063,False,Normal crop cycle,2022-10-22,2023-01-05
2903,61,0.5505974560470904,0.06625169190436096,0.4885367751752926,83.57280689908228,159.08511539919348,75.5123085001112,83.15063624412585,229,7.638327744014646,False,Normal crop cycle,2022-10-23,2023-01-07
1886,52,0.4801885065603621,0.07387082666462781,0.41239577676264605,82.63558015005502,158.01852969690736,75.38294954685234,82.90888726670742,234,7.525937719855079,False,Normal crop cycle,2022-10-22,2023-01-06
2593,53,0.38014963384323974,0.07309535187482834,0.31478773162120244,216.0312680054358,268.23777597390966,52.20650796847386,59.69778862811873,48,7.491280659644872,False,Normal crop cycle,2023-03-05,2023-04-26
2474,56,0.5544788842372472,0.08167865436050774,0.47680198841661375,84.66444542345424,160.36977833294853,75.70533290949429,83.17087839558155,226,7.465545486087265,False,Normal crop cycle,2022-10-24,2023-01-08
2285,53,0.39861449714032,0.10706833488993728,0.31451284652499134,68.09234989000613,143.8413038331103,75.74895394310415,83.19112054703727,237,7.442166603933117,False,Normal crop cycle,2022-10-08,2022-12-22
2100,53,0.47442988616724807,0.06146381161330889,0.4141869472029308,89.98909913027168,165.78689577526916,75.79779664499748,83.19782590811893,208,7.4000292631214535,False,Normal crop cycle,2022-10-29,2023-01-13
237,51,0.5894253976319147,0.05944100459632666,0.5335816687539867,80.1037017327946,155.87753935067929,75.77383761788468,83.15063624412585,235,7.376798626241168,False,Normal crop cycle,2022-10-20,2023-01-03
2897,53,0.34309701940843035,0.11124042922800237,0.23958667793444222,59.82973956662626,137.90271530937713,78.07297574275087,85.37069637349644,176,7.297720630745573,False,Normal crop cycle,2022-09-29,2022-12-16
2575,53,0.7107232610384623,0.054701359524035154,0.66457392854823,240.75959955824405,294.63531651422375,53.8757169559797,61.05560196883896,28,7.179885012859259,False,Normal crop cycle,2023-03-29,2023-05-22
1151,63,0.5277957828605876,0.09014055873541271,0.44329226630575513,133.3092080745481,257.03518417808385,123.72597610353574,130.80000654083008,20,7.07403043729434,False,Normal crop cycle,2022-12-12,2023-04-15
2854,53,0.4031760214103593,0.1588162413239479,0.27595736897654005,81.35427570402445,157.5692506214501,76.21497491742565,82.90888726670742,234,6.693912349281774,False,Normal crop cycle,2022-10-21,2023-01-05
2973,61,0.4324632754199547,0.12525040766006798,0.33452958322891274,75.82897725010955,152.4063123054281,76.57733505531854,83.19112054703727,247,6.61378549171873,False,Normal crop cycle,2022-10-15,2022-12-31
63,52,0.4027068477922252,0.07267344920629902,0.3344707691908947,78.98119303411711,155.63569677213147,76.65450373801436,83.17087839558155,240,6.516374657567198,False,Normal crop cycle,2022-10-18,2023-01-03
2692,53,0.6176480077630048,0.06244903075708052,0.560819671778049,81.26326243866218,157.784337902185,76.52107546352282,82.90888726670742,234,6.387811803184604,False,Normal crop cycle,2022-10-21,2023-01-05
3004,59,0.6036199850064737,0.07670975779355677,0.5348450406971905,79.98400077383363,156.74953422792777,76.76553345409414,83.15063624412585,235,6.385102790031709,False,Normal crop cycle,2022-10-19,2023-01-04
2072,53,0.39431621877368167,0.14708928736074575,0.2647103882005448,70.80241351607644,147.623447117476,76.82103360139955,82.90888726670742,244,6.087853665307875,False,Normal crop cycle,2022-10-10,2022-12-26
854,52,0.4227410993124876,0.08907344863853521,0.3453784254896972,229.59014174576953,283.15827937285843,53.5681376270889,59.588403900891876,43,6.020266273802974,False,Normal crop cycle,2023-03-18,2023-05-11
2173,57,0.4909602220147109,0.11422123856965669,0.3865747928603991,81.70186323016931,158.81502802165383,77.11316479148452,82.90888726670742,234,5.795722475222902,False,Normal crop cycle,2022-10-21,2023-01-06
955,51,0.3545677423702948,0.19292727366767146,0.18464161935403492,208.9101556141731,264.7807755953394,55.87061998116627,61.48929946316699,40,5.618679482000715,False,Normal crop cycle,2023-02-25,2023-04-22
207,52,0.4113245537203735,0.11412375467733692,0.3184692787696254,81.11322314887303,158.7142231541791,77.60100000530608,82.90888726670742,234,5.307887261401348,False,Normal crop cycle,2022-10-21,2023-01-06
2394,56,0.53429270885795,0.08282768317913435,0.4631419830832137,82.18694239184397,159.79132690184124,77.60438450999727,82.90888726670742,234,5.30450275671015,False,Normal crop cycle,2022-10-22,2023-01-07
2362,56,0.5135603438294123,0.11960691272739381,0.4192870846461682,214.13292950106666,269.46662495138617,55.33369545031951,60.361716253668305,45,5.028020803348795,False,Normal crop cycle,2023-03-03,2023-04-27
2877,59,0.507429550813381,0.07192473752034265,0.4407030225319918,75.57898587590796,153.75865819482178,78.17967231891382,83.19112054703727,247,5.011448228123456,False,Normal crop cycle,2022-10-15,2023-01-01
2466,56,0.4410764996783208,0.11005215952962132,0.3460942258647943,59.953640268227474,140.327051788639,80.37341152041154,85.37069637349644,176,4.997284853084906,False,Normal crop cycle,2022-09-29,2022-12-19
368,51,0.5494019448757171,0.0889037701216611,0.4608662641861222,126.15676740594651,258.68032546360246,132.52355805765595,137.31399588928363,27,4.790437831627685,False,Normal crop cycle,2022-12-05,2023-04-16
2619,58,0.5594442701683595,0.08277352819792354,0.4873951120445362,77.69897356984724,156.29569364741323,78.59672007756599,83.17087839558155,242,4.574158318015563,False,Normal crop cycle,2022-10-17,2023-01-04
2192,53,0.5720992907881737,0.09969257566218193,0.4801297491559615,210.15622694309167,266.373515149708,56.21728820661633,60.79089301378512,44,4.573604807168792,False,Normal crop cycle,2023-02-27,2023-04-24
2335,57,0.5632689975055993,0.08663076710175066,0.49084523382286227,84.67309295190395,163.62006554920302,78.94697259729907,83.17087839558155,226,4.2239057982824875,False,Normal crop cycle,2022-10-24,2023-01-11
2528,59,0.5651927804946899,0.056774655014276504,0.5114677660167217,82.36340703434215,161.07226652437723,78.70885949003508,82.90888726670742,234,4.200027776672343,False,Normal crop cycle,2022-10-22,2023-01-09
3015,61,0.4453437374583606,0.13741936817251402,0.3370907318232388,71.95956592672725,150.72558237414793,78.76601644742068,82.90888726670742,246,4.142870819286742,False,Normal crop cycle,2022-10-11,2022-12-29
2735,53,0.6087584026596126,0.06949166391848349,0.5494712400158831,77.01960977914051,156.22724688160878,79.20763710246827,83.17087839558155,244,3.9632412931132848,False,Normal crop cycle,2022-10-17,2023-01-04
2044,53,0.43830916626473604,0.07170229684245788,0.3730969623488895,85.7873644937721,164.50627846665975,78.71891397288765,82.667138289289,221,3.948224316401351,False,Normal crop cycle,2022-10-25,2023-01-12
2599,53,0.5103998555039818,0.2857896379449151,0.2629804085432129,213.19426276321045,269.89157149026715,56.69730872705671,60.53114524608594,44,3.8338365190292336,False,Normal crop cycle,2023-03-02,2023-04-27
2655,53,0.4627137914966277,0.09710582355415918,0.38299068941818026,73.38389738602088,152.7250651078444,79.34116772182351,83.15063624412585,247,3.809468522302339,False,Normal crop cycle,2022-10-13,2022-12-31
1496,57,0.5239993370241589,0.08750371368394957,0.44847682432995906,133.83273928731478,260.9528917881156,127.12015250080083,130.80000654083008,20,3.679854040029255,False,Normal crop cycle,2022-12-12,2023-04-18
3018,60,0.42229098441560614,0.06741874949232246,0.3586770025699326,78.66109948575159,158.22370192712228,79.56260244137069,83.17087839558155,240,3.6082759542108676,False,Normal crop cycle,2022-10-18,2023-01-06
2560,56,0.29539277742014214,0.15670625098487911,0.18228267534252476,55.16456844108355,137.74841535896462,82.58384691788106,86.00049835970972,92,3.4166514418286624,False,Normal crop cycle,2022-09-25,2022-12-16
1475,52,0.4820605176252818,0.07545418329653696,0.4107463456059698,79.15285390201129,158.9368310541607,79.78397715214942,83.15063624412585,239,3.3666590919764303,False,Normal crop cycle,2022-10-19,2023-01-06
2260,53,0.3338784947483838,0.11352722183560156,0.2264753263595968,76.17036549342612,156.12972292997458,79.95935743654846,83.17087839558155,246,3.211520959033095,False,Normal crop cycle,2022-10-16,2023-01-04
2461,57,0.5518397309857866,0.067695243899589,0.49270894467506726,77.57921233933499,157.63147799809414,80.05226565875915,83.15063624412585,243,3.0983705853666947,False,Normal crop cycle,2022-10-17,2023-01-05
2314,56,0.49534791707992554,0.08248495205975415,0.41780657935560794,85.2950009520353,165.37166439021294,80.07666343817765,83.15063624412585,223,3.073972805948202,False,Normal crop cycle,2022-10-25,2023-01-13
120,51,0.6027086986736818,0.08633994503003178,0.5265182089060545,76.25922725388806,156.42458962895665,80.1653623750686,83.17087839558155,246,3.0055160205129567,False,Normal crop cycle,2022-10-16,2023-01-04
681,52,0.5233482791827275,0.20094683198393254,0.3360865893504824,212.01051775214006,269.7228748737523,57.71235712161223,60.70057423850358,45,2.9882171168913487,False,Normal crop cycle,2023-03-01,2023-04-27
954,51,0.5422646282240748,0.08527593358568,0.4760961819291961,74.66958323224877,154.86313704238233,80.19355381013357,83.15063624412585,247,2.9570824339922837,False,Normal crop cycle,2022-10-14,2023-01-02
2598,58,0.3972243723218088,0.07193331025816775,0.3321061260699306,75.28233671134234,155.95102275471046,80.66868604336813,83.19112054703727,247,2.522434503669146,False,Normal crop cycle,2022-10-15,2023-01-03
2766,59,0.5914128396048475,0.06877776001816366,0.526853245585712,84.77291761987271,165.54534567799632,80.77242805812361,83.15063624412585,225,2.37820818600224,False,Normal crop cycle,2022-10-24,2023-01-13
2341,53,0.6832053768830221,0.058588559589078354,0.6271312291995439,146.15123582483253,269.2031806727135,123.05194484788095,125.42306430216829,16,2.3711194542873386,False,Normal crop cycle,2022-12-25,2023-04-27
2794,54,0.43466125119407223,0.11871427242942857,0.3354809436296939,85.81471273759429,166.1360721181177,80.32135938052342,82.667138289289,221,2.345778908765581,False,Normal crop cycle,2022-10-25,2023-01-14
2122,54,0.44727861997253165,0.09375350494049267,0.3585370221136216,91.83588151118082,172.68831083219774,80.85242932101693,83.19782590811893,194,2.3453965871020017,False,Normal crop cycle,2022-10-31,2023-01-20
2084,56,0.38920102765162784,0.20345231294631957,0.20054803581701383,124.7232226673519,260.71107262202116,135.98784995466926,138.32847253798775,26,2.340622583318492,False,Normal crop cycle,2022-12-03,2023-04-18
158,52,0.5258966159820556,0.10476143706962467,0.4312569913268089,107.99880528509892,236.98158865596534,128.9827833708664,131.15881147011652,29,2.176028099250118,False,Normal crop cycle,2022-11-16,2023-03-25
2783,59,0.41655765811602274,0.08923672443628311,0.3334142235914866,216.90430124410312,274.62476240831916,57.72046116421603,59.69778862811873,50,1.9773274639026965,False,Normal crop cycle,2023-03-05,2023-05-02
2480,53,0.5201722728677943,0.06734780740888813,0.4547755663059181,231.63337723983636,289.4261211734286,57.79274393359225,59.69778862811873,42,1.905044694526481,False,Normal crop cycle,2023-03-20,2023-05-17
2921,53,0.39660440598215374,0.06912655491914067,0.3330512423068285,80.2872323872085,161.68387180275087,81.39663941554237,83.15063624412585,235,1.7539968285834817,False,Normal crop cycle,2022-10-20,2023-01-09
2241,53,0.40171562952713835,0.15001643039286136,0.2705446939604978,88.55942353704513,170.0426014510852,81.48317791404007,83.19112054703727,213,1.7079426329972023,False,Normal crop cycle,2022-10-28,2023-01-18
2892,53,0.4065105181406526,0.14948148611713857,0.27726693791063395,86.61539064216451,167.91983977983452,81.30444913767,82.90888726670742,216,1.604438129037419,False,Normal crop cycle,2022-10-26,2023-01-15
1003,52,0.5822297822063168,0.20933259257248468,0.4101350444945552,167.79689542500643,272.8194509633054,105.022555538299,106.45794003554909,8,1.4353844972500838,False,Normal crop cycle,2023-01-15,2023-04-30
1921,54,0.517206034255684,0.07669609101540452,0.44227664698974806,235.004089743578,293.495568760119,58.49147901654101,59.839936438838734,38,1.3484574222977272,False,Normal crop cycle,2023-03-24,2023-05-21
1981,54,0.45404847190267855,0.0952319051296293,0.36935746429560634,76.841503229871,158.7862909599526,81.9447877300816,83.19112054703727,245,1.2463328169556718,False,Normal crop cycle,2022-10-16,2023-01-06
2750,53,0.4591331843961805,0.10656467614157887,0.36601285751433976,75.2445836466898,157.19524949967493,81.95066585298513,83.19112054703727,247,1.240454694052147,False,Normal crop cycle,2022-10-15,2023-01-05
682,51,0.3975684446975207,0.11735088277894717,0.30610143039853144,77.8869222334027,160.0688210767183,82.18189884331561,83.17087839558155,242,0.9889795522659455,False,Normal crop cycle,2022-10-17,2023-01-08
2211,53,0.6149716786362908,0.05901311101561243,0.5642236011949452,78.86609033135794,161.1272652250415,82.26117489368356,83.17087839558155,240,0.9097035018979938,False,Normal crop cycle,2022-10-18,2023-01-09
2980,67,0.4587669942295179,0.2065319851934282,0.3008723103790544,75.98450651764783,158.3392446727657,82.35473815511786,83.19112054703727,247,0.8363823919194147,False,Normal crop cycle,2022-10-15,2023-01-06
2250,53,0.5874571350114098,0.07119843547714168,0.519878922300092,85.10585745223813,167.46303288068353,82.3571754284454,83.15063624412585,223,0.7934608156804472,False,Normal crop cycle,2022-10-25,2023-01-15
2548,54,0.6082461524283749,0.06778909286548351,0.5474808718795063,76.94242557751149,159.32808414357265,82.38565856606117,83.17087839558155,244,0.7852198295203863,False,Normal crop cycle,2022-10-16,2023-01-07
2553,53,0.4818390192532981,0.33377717849281097,0.18538585194834956,209.36385413094126,269.72557038460957,60.361716253668305,61.14612592354811,41,0.7844096698798069,False,Normal crop cycle,2023-02-26,2023-04-27
1876,54,0.5491736812753157,0.08746563516242403,0.47001780532300474,68.90890732149269,150.93292279720117,82.02401547570848,82.667138289289,239,0.6431228135805185,False,Normal crop cycle,2022-10-08,2022-12-29
2602,53,0.5058915602026788,0.10299368163916917,0.42714347872322644,73.45417614062217,155.9886400286874,82.53446388806523,83.15063624412585,247,0.6161723560606163,False,Normal crop cycle,2022-10-13,2023-01-03
2591,53,0.39126368619653645,0.1037356050875114,0.2920134154775617,75.28462185857,157.951760147859,82.667138289289,83.19112054703727,247,0.5239822577482727,False,Normal crop cycle,2022-10-15,2023-01-05
1358,51,0.45739253082058645,0.14247247143225236,0.32147836197506297,82.00252848813295,164.38981614892538,82.38728766079242,82.90888726670742,234,0.5215996059150001,False,Normal crop cycle,2022-10-22,2023-01-12
2225,53,0.4428266691473814,0.06447614692724668,0.3860457184223028,87.14069503532818,169.25384032978351,82.11314529445534,82.60080108867712,216,0.48765579422178007,False,Normal crop cycle,2022-10-27,2023-01-17
2862,58,0.3441548000585723,0.20437966141511094,0.1653975729721707,28.22082206892185,158.07358486638367,129.85276279746182,130.24155406202541,17,0.3887912645635936,False,Normal crop cycle,2022-08-29,2023-01-06
343,52,0.6545993705590566,0.31947266094146237,0.4116741719906048,206.86177576532972,267.7429875543964,60.88121178906667,61.14612592354811,39,0.26491413448144385,False,Normal crop cycle,2023-02-23,2023-04-25
2469,53,0.6388526646686452,0.10162162610462733,0.5500383347805058,233.99662812195862,293.59313173670523,59.59650361474661,59.79907364149085,39,0.2025700267442403,False,Normal crop cycle,2023-03-22,2023-05-21
1426,51,0.5543924663905744,0.18958860139052072,0.38159210352884276,216.92586229639608,276.51426619728795,59.588403900891876,59.69778862811873,50,0.10938472722685333,False,Normal crop cycle,2023-03-05,2023-05-04
1265,51,0.42539496021934703,0.1944096309569063,0.25416169593794435,90.32230884391356,173.4729450880394,83.15063624412585,83.19782590811893,206,0.047189663993080444,False,Normal crop cycle,2022-10-30,2023-01-21
2322,54,0.43095295073370954,0.06426351937427097,0.36858006561659784,229.72725550017614,289.31497233893487,59.58771683875872,59.59245375781924,44,0.00473691906051954,False,Normal crop cycle,2023-03-18,2023-05-17
778,52,0.5045166558608776,0.22070831321725032,0.28994929792054436,75.41410993962144,158.61864120882203,83.20453126920059,83.15063624412585,247,-0.053895025074737646,False,Normal crop cycle,2022-10-15,2023-01-06
2681,58,0.596857926187416,0.09372129808275068,0.5082639890349134,218.53359501424097,278.3326686557318,59.79907364149085,59.588403900891876,51,-0.21066974059897348,False,Normal crop cycle,2023-03-07,2023-05-06
2900,58,0.39508821589223453,0.0823438008096111,0.32671317876724715,76.38504394301735,159.57616449005462,83.19112054703727,82.90888726670742,246,-0.28223328032984796,False,Normal crop cycle,2022-10-16,2023-01-07
2910,53,0.5937317282977429,0.09878007712011988,0.5237721485001119,218.40148279781616,278.2822820340028,59.88079923618662,59.588403900891876,51,-0.29239533529474215,False,Normal crop cycle,2023-03-07,2023-05-06
1140,51,0.5429877269574824,0.09704984335795692,0.46049118819920454,236.94297962474113,297.87730577368035,60.93432614893922,60.2906867373451,34,-0.6436394115941226,False,Normal crop cycle,2023-03-25,2023-05-25
2454,54,0.7482434079433099,0.059875639553508185,0.6924427168236839,222.61334961567002,283.3139238541736,60.70057423850358,59.59245375781924,54,-1.1081204806843346,False,Normal crop cycle,2023-03-11,2023-05-11
1132,53,0.4820502430918705,0.09956657557363012,0.3999619266190323,84.69393797937418,168.72431954922357,84.03038156984938,82.90888726670742,226,-1.121494303141958,False,Normal crop cycle,2022-10-24,2023-01-16
203,51,0.43159553712164916,0.07953806083511424,0.35691130368245977,69.99169782501528,153.76964611457163,83.77794828955635,82.58384691788106,243,-1.1941013716752877,False,Normal crop cycle,2022-10-09,2023-01-01
2585,53,0.6341958922159097,0.07087975216055582,0.5691807291134814,72.21464556163706,156.12572566384588,83.91108010220883,82.62549260358503,246,-1.2855874986237978,False,Normal crop cycle,2022-10-12,2023-01-04
451,52,0.5178423585886714,0.11239575615794468,0.4349384947891245,71.61925552528803,155.64740198290525,84.02814645761723,82.62549260358503,244,-1.4026538540321951,False,Normal crop cycle,2022-10-11,2023-01-03
2823,63,0.5547687100327533,0.08970212564952132,0.4756495935869389,263.22508019207515,338.1395616745328,74.91448148245763,73.45947592306567,7,-1.4550055593919637,False,Normal crop cycle,2023-04-21,2023-07-05
1216,51,0.3732732540749489,0.19409018802516004,0.1897757013744496,217.5563456674191,278.7024715909672,61.14612592354811,59.59650361474661,51,-1.5496223088015029,False,Normal crop cycle,2023-03-06,2023-05-06
2791,53,0.5454696918527285,0.06862445100645224,0.48054183828334013,72.44225398208081,157.02027949404945,84.57802551196863,82.667138289289,247,-1.9108872226796336,False,Normal crop cycle,2022-10-12,2023-01-05
3005,58,0.5586284363353756,0.10443211272358895,0.4685986831679311,217.95084543236052,279.7833184351464,61.83247300278586,59.588403900891876,51,-2.2440691018939845,False,Normal crop cycle,2023-03-06,2023-05-07
825,51,0.5515825209021569,0.3661966925630203,0.22723328429919026,206.20525535334963,269.4670591643847,63.261803811035065,61.01366885630739,40,-2.248134954727675,False,Normal crop cycle,2023-02-23,2023-04-27
1970,53,0.39003690943969943,0.07511895343782456,0.32611720818208484,77.76104405204426,163.01196191627798,85.25091786423373,82.90888726670742,242,-2.3420305975263034,False,Normal crop cycle,2022-10-17,2023-01-11
2569,61,0.47202153459413726,0.08233792835207128,0.39432096915013753,76.82388142336112,162.42528953601288,85.60140811265177,83.15063624412585,245,-2.450771868525919,False,Normal crop cycle,2022-10-16,2023-01-10
1838,53,0.4489787739683997,0.1017216655001486,0.3580749910676254,77.77927029116573,163.14980100148583,85.3705307103201,82.90888726670742,242,-2.4616434436126724,False,Normal crop cycle,2022-10-17,2023-01-11
197,52,0.4678481917111247,0.09887262314313175,0.3843215347350763,71.61994082617746,156.99080286285024,85.37086203667279,82.62549260358503,244,-2.7453694330877596,False,Normal crop cycle,2022-10-11,2023-01-04
2063,53,0.45471510047262365,0.08850123840299519,0.3724158435043963,94.79856575650649,181.154380340075,86.3558145835685,83.19112054703727,175,-3.1646940365312304,False,Normal crop cycle,2022-11-03,2023-01-29
1266,51,0.3716505027877161,0.10077167194800898,0.28333487314112643,26.938081536009953,158.05167768648045,131.1135961504705,127.87771973062593,18,-3.2358764198445726,False,Normal crop cycle,2022-08-27,2023-01-06
2635,53,0.4100196932107855,0.12593849175936217,0.29393456867246914,68.19538833952588,154.09861305030404,85.90322471077816,82.62549260358503,238,-3.277732107193131,False,Normal crop cycle,2022-10-08,2023-01-02
2533,71,0.4181764854012795,0.14918269962072372,0.29253706273765895,114.98743429829922,254.33038348499113,139.3429491866919,135.98784995466926,23,-3.3550992320226385,False,Normal crop cycle,2022-11-23,2023-04-12
152,51,0.6069313804308574,0.06083768101202117,0.5521404950155152,73.41649488453189,159.52547545411448,86.1089805695826,82.667138289289,247,-3.4418422802935993,False,Normal crop cycle,2022-10-13,2023-01-07
1148,52,0.4643033722737678,0.12027265369556003,0.36413791739290813,71.0994937381103,157.19726574675158,86.09777200864129,82.62549260358503,244,-3.4722794050562555,False,Normal crop cycle,2022-10-11,2023-01-05
625,74,0.5089503018071457,0.08167346191464686,0.43072866134885174,135.5057302226658,264.58218524667,129.07645502400422,125.42306430216829,18,-3.653390721835933,False,Normal crop cycle,2022-12-14,2023-04-22
2321,53,0.35240078618317955,0.13734099732379043,0.2362564752593693,66.60864855227307,152.93414749430937,86.3254989420363,82.667138289289,231,-3.658360652747305,False,Normal crop cycle,2022-10-06,2022-12-31
2636,57,0.40627463302678535,0.0700476728214158,0.34062488708231187,246.33775858427614,311.4500443546643,65.11228577038818,60.93432614893922,27,-4.177959621448963,False,Normal crop cycle,2023-04-04,2023-06-08
2907,53,0.5222701355098531,0.12863819662194986,0.4143404689115973,79.04322805974702,166.23755892841314,87.19433086866611,82.667138289289,239,-4.527192579377115,False,Normal crop cycle,2022-10-19,2023-01-14
1601,52,0.42817591455849735,0.08290105184370822,0.3558360340920362,79.46172856021842,166.60892341548222,87.1471948552638,82.60080108867712,238,-4.546393766586689,False,Normal crop cycle,2022-10-19,2023-01-14
696,52,0.3487509796923062,0.12247632547228968,0.2515023450525302,37.994330317782946,162.34690985625772,124.35257953847477,119.78211526520558,18,-4.570464273269195,False,Normal crop cycle,2022-09-07,2023-01-10
2473,54,0.3451823138913443,0.06544527085378063,0.28678567750684897,223.87928363576393,288.14696535911276,64.26768172334883,59.59650361474661,53,-4.67117810860222,False,Normal crop cycle,2023-03-12,2023-05-16
2886,53,0.5230441350947347,0.07025864905955499,0.45849072384206874,79.48534384599878,166.95140962086012,87.46606577486133,82.60080108867712,238,-4.865264686184219,False,Normal crop cycle,2022-10-19,2023-01-14
1606,53,0.36940982985881066,0.0921057971494813,0.30972415641430884,224.94983744743695,289.53351386169277,64.58367641425582,59.59650361474661,53,-4.98717279950921,False,Normal crop cycle,2023-03-13,2023-05-17
2336,53,0.5098665670511571,0.08336167528908303,0.43591363228699,70.45432657819194,158.0944425904285,87.64011601223658,82.62549260358503,244,-5.014623408651545,False,Normal crop cycle,2022-10-10,2023-01-06
2630,53,0.5504128425303152,0.1467003665744297,0.4111577490596187,208.2722531120619,274.3899649177653,66.11771180570344,61.01366885630739,40,-5.104042949396046,False,Normal crop cycle,2023-02-25,2023-05-02
2385,53,0.44255186318694756,0.08789030751992952,0.3673739373716751,70.83011272891365,158.68293188100802,87.85281915209437,82.62549260358503,244,-5.227326548509339,False,Normal crop cycle,2022-10-10,2023-01-06
2827,53,0.33173566421524425,0.11992324230673372,0.2510131775386265,76.29728598404012,164.61458335494834,88.31729737090822,82.90888726670742,246,-5.408410104200797,False,Normal crop cycle,2022-10-16,2023-01-12
2749,53,0.434083323356592,0.08849672328215093,0.3579808284994215,81.96392565593158,170.13950490339374,88.17557924746217,82.60080108867712,234,-5.574778158785051,False,Normal crop cycle,2022-10-21,2023-01-18
2315,53,0.4821794459632799,0.08490078487232619,0.4038622711657309,68.87653104949013,157.31878859490908,88.44225754541895,82.58384691788106,239,-5.858410627537893,False,Normal crop cycle,2022-10-08,2023-01-05
1522,54,0.44240414418677304,0.14150660817720243,0.3146751783617005,80.16453865628647,168.83597312310354,88.67143446681708,82.667138289289,235,-6.004296177528076,False,Normal crop cycle,2022-10-20,2023-01-16
2456,59,0.4349877781706964,0.17708099229852736,0.3227373909964381,75.95868382953493,165.27665902050077,89.31797519096584,83.15063624412585,247,-6.16733894683999,False,Normal crop cycle,2022-10-15,2023-01-13
5,101,0.4152355450563706,0.09203092088301977,0.3299543985896386,79.23437760374894,168.19851991206096,88.96414230831202,82.667138289289,239,-6.297004019023021,False,Normal crop cycle,2022-10-19,2023-01-16
1688,53,0.5203247482027975,0.0702350940594005,0.4573955016603829,76.68415789101635,166.36709432451042,89.68293643349406,83.15063624412585,245,-6.532300189368215,False,Normal crop cycle,2022-10-16,2023-01-14
1133,51,0.5254002839878753,0.07231174036860466,0.45841521956026554,74.20557116677044,163.50612491908853,89.3005537523181,82.667138289289,247,-6.633415463029095,False,Normal crop cycle,2022-10-14,2023-01-11
2520,53,0.4016479743378503,0.07585340223408171,0.33274702608053175,67.00858461839127,156.6318913243122,89.62330670592092,82.667138289289,233,-6.956168416631925,False,Normal crop cycle,2022-10-07,2023-01-04
1830,53,0.5606386298990117,0.21165092946505876,0.3936045440590249,192.12809228315936,267.4686604284146,75.34056814525522,68.37764445797198,24,-6.9629236872832365,False,Normal crop cycle,2023-02-09,2023-04-25
2915,54,0.44701774970447417,0.1120368364876766,0.3572138011348333,76.25061822176984,166.2597754755208,90.00915725375096,82.90888726670742,246,-7.100269987043532,False,Normal crop cycle,2022-10-16,2023-01-14
1674,52,0.47399556922585995,0.10545226511328595,0.379512704564386,79.41911730015207,169.15988917305074,89.74077187289868,82.60080108867712,238,-7.1399707842215605,False,Normal crop cycle,2022-10-19,2023-01-17
2542,58,0.41779818773269656,0.07523975998163224,0.3503124758601189,249.7207857821719,318.0392259547103,68.31844017253837,61.17687778873869,23,-7.1415623837996804,False,Normal crop cycle,2023-04-07,2023-06-15
2923,53,0.4842005359954859,0.07882789335169717,0.4130686397581357,75.87016158749395,166.41395580375888,90.54379421626493,83.15063624412585,247,-7.393157972139079,False,Normal crop cycle,2022-10-15,2023-01-14
2937,53,0.7022331233354325,0.07772013762344916,0.6297595259330586,209.23162502197377,277.5464520941705,68.31482707219672,60.88121178906667,41,-7.433615283130052,False,Normal crop cycle,2023-02-26,2023-05-05
2629,53,0.659719608221831,0.3188751041470619,0.40004060189292,199.03939981964095,267.4798616633882,68.44046184374724,60.88121178906667,35,-7.559250054680575,False,Normal crop cycle,2023-02-16,2023-04-25
2399,53,0.31814214785365347,0.12345986313959385,0.20381804823162072,38.74540089231474,164.64807755610477,125.90267666379003,118.25118606289689,19,-7.6514906008931405,False,Normal crop cycle,2022-09-08,2023-01-12
1824,57,0.4427124692067023,0.20205329985868548,0.2555655411654903,79.60185465822354,169.9820662068004,90.38021154857685,82.53446388806523,239,-7.84574766051162,False,Normal crop cycle,2022-10-19,2023-01-17
2628,59,0.5068925812523416,0.11986606238370247,0.41271091062337795,57.96909984127054,150.89318795874053,92.92408811746998,84.91447168810117,150,-8.009616429368805,False,Normal crop cycle,2022-09-27,2022-12-29
2422,56,0.41729523915620076,0.10975754559631386,0.3154396872583126,77.93625065931718,168.87155000478634,90.93529934546916,82.90888726670742,242,-8.026412078761737,False,Normal crop cycle,2022-10-17,2023-01-16
2437,53,0.4352176543325186,0.17459413547803052,0.28593642653190887,75.07336501255067,166.14372666124643,91.07036164869577,82.90888726670742,248,-8.161474381988342,False,Normal crop cycle,2022-10-15,2023-01-14
2554,54,0.5349166896780879,0.07052549463073453,0.4735492903328552,238.8288009234882,308.2012740651498,69.3724731416616,60.70057423850358,29,-8.671898903158024,False,Normal crop cycle,2023-03-27,2023-06-05
1124,57,0.44028297484966744,0.2539403441182354,0.21010601507467133,126.82532543593224,269.85653715009556,143.0312117141633,134.2557040061626,26,-8.775507708000703,False,Normal crop cycle,2022-12-05,2023-04-27
188,51,0.5343711137257773,0.06617944160925932,0.47328399731938176,111.37505819126633,253.06673938974114,141.6916811984748,132.52355805765595,23,-9.168123140818864,False,Normal crop cycle,2022-11-20,2023-04-11
2788,53,0.45385569458206493,0.07796098324551917,0.39001688299079734,79.02226170221662,171.13863212513056,92.11637042291393,82.667138289289,239,-9.449232133624932,False,Normal crop cycle,2022-10-19,2023-01-19
2151,53,0.5511049487088856,0.07382587731668823,0.4835888278066066,213.13755477839138,283.0851821651167,69.94762738672532,60.12125774492746,44,-9.826369641797854,False,Normal crop cycle,2023-03-02,2023-05-11
2765,63,0.34741287420193356,0.16039736638963223,0.20730077579617504,60.38516515275473,155.7742548170289,95.38908966427417,85.31072428727691,182,-10.078365376997255,False,Normal crop cycle,2022-09-30,2023-01-03
2960,58,0.36654168532954323,0.1449077423839342,0.22366405129137024,217.78485735939555,287.5182275252572,69.73337016586166,59.588403900891876,51,-10.144966264969781,False,Normal crop cycle,2023-03-06,2023-05-15
1912,53,0.7253601038946381,0.07458020326013517,0.6549951933122378,159.48109773506337,272.8314139612037,113.35031622614031,103.2048989588003,9,-10.145417267340008,False,Normal crop cycle,2023-01-07,2023-04-30
2030,54,0.493364096632306,0.08521032010700648,0.4156385976821184,62.66839245957333,156.28212467904888,93.61373221947554,82.92912941816314,200,-10.684602801312394,False,Normal crop cycle,2022-10-02,2023-01-04
184,51,0.5292668270487939,0.09944287843761905,0.4514008639680762,239.29419293741,310.8029617535605,71.5087688161505,60.70057423850358,29,-10.80819457764693,False,Normal crop cycle,2023-03-28,2023-06-07
1846,52,0.43221158899512946,0.07731630609315984,0.3607516127328078,125.88703512201918,273.4971379013122,147.61010277929302,136.65092292197644,26,-10.95917985731657,False,Normal crop cycle,2022-12-04,2023-05-01
577,51,0.46861170715576894,0.0717774890866634,0.40337062858649203,73.53383216608539,167.29449928155046,93.76066711546507,82.667138289289,247,-11.093528826176069,False,Normal crop cycle,2022-10-13,2023-01-15
952,50,0.42047970259079226,0.17658377307733256,0.30876324661125343,133.3161023037252,272.80143613720605,139.48533383348087,128.0983037624025,20,-11.387030071078357,False,Normal crop cycle,2022-12-12,2023-04-30
2881,58,0.4690009834284478,0.09149031637513891,0.3857091799219872,138.87987323295974,276.19386912224337,137.31399588928363,125.42306430216829,18,-11.890931587115347,False,Normal crop cycle,2022-12-17,2023-05-04
1316,52,0.6130372856197686,0.13369845945773454,0.48717502003599855,206.0754770313126,279.3872939572767,73.31181692596411,61.01366885630739,40,-12.298148069656719,False,Normal crop cycle,2023-02-23,2023-05-07
2621,53,0.5350134878447561,0.058743997674548264,0.4839554256900693,247.87371593683207,321.33319185989774,73.45947592306567,60.93432614893922,27,-12.525149774126447,False,Normal crop cycle,2023-04-05,2023-06-18
1431,53,0.40757447485335246,0.1581633549659065,0.2637421850568412,57.40235231407516,154.00338153749368,96.60102922341852,83.8445141958826,136,-12.756515027535926,False,Normal crop cycle,2022-09-27,2023-01-02
1127,52,0.4622148930075321,0.07881906371801459,0.3909805422609157,220.1135221628381,293.25720530895984,73.14368314612173,59.59650361474661,53,-13.547179531375122,False,Normal crop cycle,2023-03-09,2023-05-21
2835,59,0.4524006921103445,0.15521926042639603,0.3145896852016449,91.67334457940188,188.62525246121845,96.95190788181657,83.17087839558155,194,-13.781029486235013,False,Normal crop cycle,2022-10-31,2023-02-05
135,51,0.4923234249049045,0.07979435671834235,0.42158557934329866,70.99852981716589,167.5793211457382,96.5807913285723,82.62549260358503,244,-13.955298724987273,False,Normal crop cycle,2022-10-10,2023-01-15
2439,53,0.7054883401308741,0.05516843069640417,0.6531162848548284,239.9951756906318,314.87983450325476,74.88465881262294,60.70057423850358,29,-14.184084574119368,False,Normal crop cycle,2023-03-28,2023-06-11
2179,53,0.3640147716719277,0.12299170250795326,0.24924606890702733,40.98354508486937,159.23473114776627,118.25118606289689,103.69868039361214,24,-14.552505669284756,False,Normal crop cycle,2022-09-10,2023-01-07
2704,58,0.4805036639605743,0.14001158452258003,0.3622557539169966,195.3659936730773,276.45982112824413,81.09382745516683,66.11771180570344,27,-14.976115649463395,False,Normal crop cycle,2023-02-12,2023-05-04
2809,53,0.6180882265772483,0.05928452034490277,0.5635598181097796,257.2633120244312,344.03855304981363,86.77524102538246,71.5087688161505,13,-15.26647220923195,False,Normal crop cycle,2023-04-15,2023-07-11
2772,53,0.4728692960219853,0.22141341543565057,0.32816541197428684,68.03995320478211,166.4572153397903,98.4172621350082,82.667138289289,237,-15.750123845719202,False,Normal crop cycle,2022-10-08,2023-01-14
2595,58,0.28156285623795,0.09624200314283371,0.2098782313987613,11.928993526833716,158.87018498081412,146.9411914539804,131.1135961504705,17,-15.827595303509895,False,Normal crop cycle,2022-08-12,2023-01-06
205,52,0.4296037315399246,0.09070025025083955,0.3437071056888167,83.28359193158116,182.2160008589809,98.93240892739973,82.60080108867712,230,-16.33160783872262,False,Normal crop cycle,2022-10-23,2023-01-30
963,52,0.545630470859377,0.3249794401698991,0.26570556414754765,85.14071606221229,184.39833429021547,99.25761822800318,82.667138289289,223,-16.590479938714182,False,Normal crop cycle,2022-10-25,2023-02-01
666,57,0.4825877825285764,0.1276216622517013,0.3648618322815871,56.062178706212165,155.87100634000072,99.80882763378855,82.9358347792448,110,-16.872992854543753,False,Normal crop cycle,2022-09-26,2023-01-03
2650,57,0.43225675023027826,0.10860342237034015,0.33652757321085247,66.5260954883226,166.1757337408883,99.6496382525657,82.667138289289,231,-16.982499963276695,False,Normal crop cycle,2022-10-06,2023-01-14
2666,53,0.41822021433406253,0.07347661978988486,0.3523774067659608,241.8880073835967,320.05292684773826,78.16491946414158,60.8174501937214,28,-17.347469270420177,False,Normal crop cycle,2023-03-30,2023-06-17
2199,57,0.38211561089906937,0.24509439292626503,0.15684551271235841,85.37056585110429,185.56570553334728,100.195139682243,82.667138289289,223,-17.528001392953996,False,Normal crop cycle,2022-10-25,2023-02-02
1033,51,0.4550756405254728,0.16555662135162005,0.3428651861970783,205.4070049011575,284.0568980561902,78.64989315503271,61.01366885630739,40,-17.636224298725324,False,Normal crop cycle,2023-02-22,2023-05-12
2580,59,0.3805475458270664,0.14575576380419258,0.2570970245157111,207.41824594407768,286.08013915478307,78.66189321070539,60.88121178906667,39,-17.780681421638718,False,Normal crop cycle,2023-02-24,2023-05-14
2610,60,0.4153581299565055,0.07013969821686095,0.350027780641209,245.5120513092672,323.7550392297595,78.24298792049231,60.265414881842915,26,-17.977573038649396,False,Normal crop cycle,2023-04-03,2023-06-20
734,51,0.46155321022687856,0.14545030589629745,0.3313821851212889,79.45863175792233,181.10677159815756,101.64813984023523,82.60080108867712,238,-19.047338751558115,False,Normal crop cycle,2022-10-19,2023-01-29
1344,57,0.48654086466716684,0.17536406199569288,0.3317377243352973,65.71138406924395,168.22070813371238,102.50932406446843,82.667138289289,227,-19.84218577517943,False,Normal crop cycle,2022-10-05,2023-01-16
1406,54,0.41391194033964823,0.24210243592243813,0.23772321114033226,205.88230195445206,286.8808484610495,80.99854650659742,61.01366885630739,40,-19.98487765029003,False,Normal crop cycle,2023-02-22,2023-05-14
279,52,0.35552454845407816,0.08952563844151855,0.27385719050103285,201.61933116432644,282.51491193643005,80.89558077210361,60.88121178906667,37,-20.014368983036945,False,Normal crop cycle,2023-02-18,2023-05-10
1474,52,0.5708981570853314,0.20498042086690244,0.41595971838794127,69.06404691890683,172.40652994746614,103.34248302855931,82.55915540297315,240,-20.783327625586168,False,Normal crop cycle,2022-10-09,2023-01-20
2825,53,0.3655634737560447,0.12394082223025846,0.2681813910603523,65.75447808124565,169.34878097438195,103.5943028931363,82.667138289289,227,-20.927164603847302,False,Normal crop cycle,2022-10-05,2023-01-17
1372,58,0.48406769391049675,0.1819654011191466,0.31168886505636384,108.70779256913447,261.4685924576732,152.7607998885387,131.15881147011652,27,-21.601988418422195,False,Normal crop cycle,2022-11-17,2023-04-19
264,52,0.42618563480132465,0.12453582479143577,0.3265127063809475,59.29775523465145,165.28992876181474,105.99217352716329,83.96961327991303,166,-22.022560247250254,False,Normal crop cycle,2022-09-29,2023-01-13
2099,53,0.46360391690395775,0.07094490001685227,0.39553956931922585,77.86820848503133,183.1951380915415,105.32692960651018,82.90888726670742,242,-22.418042339802753,False,Normal crop cycle,2022-10-17,2023-01-31
2700,53,0.5278446159120334,0.10137687017351894,0.4343071804713395,266.0593491525402,359.72090637347526,93.66155722093504,70.88895804780202,6,-22.772599173133017,False,Normal crop cycle,2023-04-24,2023-07-26
2012,57,0.42748607661989,0.21589874509308074,0.22938828584220677,82.26808880542116,188.09943048202692,105.83134167660576,82.60080108867712,234,-23.230540587928644,False,Normal crop cycle,2022-10-22,2023-02-05
1656,58,0.3841213349501292,0.24432620187600454,0.15852213462193804,115.01567891794524,275.00904735681644,159.9933684388712,135.98784995466926,23,-24.00551848420193,False,Normal crop cycle,2022-11-24,2023-05-03
2107,56,0.35303900276239103,0.1902881438055864,0.17145609597747144,109.0262162311585,265.24321651318525,156.21700028202673,131.84118476388625,26,-24.375815518140485,False,Normal crop cycle,2022-11-18,2023-04-23
743,62,0.36956809127125245,0.21333193579881354,0.16949711258298364,76.17666239647703,184.12546813316942,107.94880573669239,82.90888726670742,246,-25.03991846998497,False,Normal crop cycle,2022-10-16,2023-02-01
126,52,0.48142514007837595,0.08597444465675322,0.39938726985738393,74.13433122344802,185.17695680468282,111.0426255812348,82.667138289289,247,-28.375487291945802,False,Normal crop cycle,2022-10-14,2023-02-02
2130,53,0.31564654475625825,0.10637553713844912,0.223303335537603,12.583029212756442,172.20853213488297,159.62550292212654,131.1135961504705,17,-28.511906771656044,False,Normal crop cycle,2022-08-13,2023-01-20
2455,57,0.3713143219921126,0.17430016565975265,0.21187016705227135,42.89289194043882,173.13444600246424,130.24155406202541,99.80882763378855,27,-30.43272642823686,False,Normal crop cycle,2022-09-12,2023-01-21
2201,56,0.39825434363391027,0.19274411179933204,0.22679414362253913,106.3853465759962,266.19289913526023,159.80755255926402,128.9827833708664,35,-30.824769188397624,False,Normal crop cycle,2022-11-15,2023-04-24
2978,58,0.43667086837243063,0.07492719278955946,0.36696161177693587,73.34108128926519,186.9059467012618,113.5648654119966,82.667138289289,247,-30.897727122707607,False,Normal crop cycle,2022-10-13,2023-02-03
2683,61,0.532710212533192,0.12743152766137994,0.41743893096203444,174.01525238617631,311.09960637412075,137.08435398794444,105.022555538299,5,-32.06179844964544,False,Normal crop cycle,2023-01-22,2023-06-08
195,52,0.4169584096968174,0.08747457772493362,0.3444117181003094,236.47654955843,329.23268633946833,92.75613678103832,59.839936438838734,36,-32.91620034219959,False,Normal crop cycle,2023-03-25,2023-06-26
2637,65,0.41507549876091526,0.08766176136685352,0.3390152139552668,107.17101084817304,272.55461100344075,165.38360015526771,130.07079742049146,32,-35.312802734776255,False,Normal crop cycle,2022-11-16,2023-04-30
850,75,0.4962537872548006,0.07541596568098255,0.43202996431809276,76.5192083267267,195.76548502299622,119.24627669626952,83.15063624412585,245,-36.09564045214367,False,Normal crop cycle,2022-10-16,2023-02-12
2160,53,0.5858440860174596,0.06843633052194491,0.5215893866843544,83.87523387355064,204.50153881186785,120.6263049383172,82.90888726670742,228,-37.71741767160978,False,Normal crop cycle,2022-10-23,2023-02-21
3012,60,0.42653590395595087,0.08192899554091342,0.3569200811813576,108.36933124243978,276.40214397607804,168.03281273363825,130.07079742049146,28,-37.96201531314679,False,Normal crop cycle,2022-11-17,2023-05-04
2465,61,0.2972633785009384,0.1522418336570263,0.16151031009852887,62.683116758128634,184.46815972786925,121.78504296974062,82.92912941816314,200,-38.85591355157747,False,Normal crop cycle,2022-10-02,2023-02-01
2712,60,0.39703891141449704,0.08798160146757522,0.314232870717259,73.91811955440603,195.89060169316716,121.97248213876112,82.667138289289,247,-39.30534384947212,False,Normal crop cycle,2022-10-13,2023-02-12
151,91,0.42242481845592145,0.08154233900303579,0.3523319456018979,74.94002608263608,203.87714072594449,128.9371146433084,82.90888726670742,248,-46.02822737660098,False,Normal crop cycle,2022-10-14,2023-02-20
2470,53,0.35418140037971385,0.11683833336254128,0.2502412277485142,1.052699130506383,149.53544119086757,148.4827420603612,102.25758012906144,13,-46.225161931299766,False,Normal crop cycle,2022-08-02,2022-12-28
490,52,0.47607199513182347,0.15921578331261266,0.3261669461368298,89.49355683527877,220.6523683053953,131.15881147011652,83.15063624412585,209,-48.00817522599067,False,Normal crop cycle,2022-10-29,2023-03-09
2829,59,0.4795769594691612,0.09512404726593049,0.4070668249994844,186.45715154012572,319.5547013579364,133.09754981781066,80.89558077210361,15,-52.201969045707045,False,Normal crop cycle,2023-02-03,2023-06-16
165,58,0.535857754945755,0.234715373168389,0.3564841128057904,227.88857329188724,341.539070873931,113.65049758204376,59.588403900891876,47,-54.06209368115188,False,Normal crop cycle,2023-03-16,2023-07-08
217,65,0.41399530007650975,0.09587088815475765,0.3236961091884918,86.50710173533746,223.80170355947786,137.2946018241404,82.90888726670742,218,-54.38571455743296,False,Normal crop cycle,2022-10-26,2023-03-12
1411,53,0.30899160544374094,0.1562294845520264,0.16651196311636804,131.5502585275896,315.0870500628561,183.53679153526653,129.07645502400422,19,-54.46033651126231,False,Normal crop cycle,2022-12-10,2023-06-12
2924,53,0.5205462411526711,0.19368019122430075,0.36012955720947,197.6951533582857,314.4354909364123,116.7403375781266,61.14612592354811,31,-55.59421165457849,False,Normal crop cycle,2023-02-14,2023-06-11
1219,53,0.4009773778257432,0.0861352075404161,0.31829377561807637,0.6231513231438226,159.00085178471957,158.37770046157576,102.25758012906144,13,-56.12012033251432,False,Normal crop cycle,2022-08-01,2023-01-07
1166,51,0.4567783914861225,0.1100820895461809,0.3598695998745305,85.40624249354636,227.6342949121208,142.22805241857444,82.667138289289,223,-59.560914129285436,False,Normal crop cycle,2022-10-25,2023-03-16
2435,53,0.47463570601200755,0.13114314170614366,0.35558403453523324,139.1414515272095,324.46434684727666,185.32289532006715,125.42306430216829,18,-59.89983101789886,False,Normal crop cycle,2022-12-18,2023-06-21
611,50,0.5179120967996881,0.06981297878825918,0.45262717209914893,70.78238318983551,220.49280965023001,149.7104264603945,82.62549260358503,244,-67.08493385680947,False,Normal crop cycle,2022-10-10,2023-03-09
501,51,0.40815091176138163,0.0898029266993709,0.318482550314916,75.45620815164072,225.88126701020627,150.42505885856554,83.15063624412585,247,-67.27442261443969,False,Normal crop cycle,2022-10-15,2023-03-14
3025,59,0.5163114350669238,0.07057016862898458,0.4518886009345249,205.21192205356388,333.9315149886048,128.71959293504094,61.01366885630739,40,-67.70592407873355,False,Normal crop cycle,2023-02-22,2023-06-30
108,87,0.4251680352858135,0.11604251699315993,0.32279749181011136,85.40091602404091,235.82021935888633,150.41930333484544,82.667138289289,223,-67.75216504555644,False,Normal crop cycle,2022-10-25,2023-03-24
1118,51,0.4374228662154714,0.08956343778332726,0.35609040916210316,65.0670122900781,215.9817426625138,150.9147303724357,82.55915540297315,218,-68.35557496946257,False,Normal crop cycle,2022-10-05,2023-03-04
2550,58,0.40167053168018657,0.16532482149585193,0.2743911282457493,83.1208667203976,235.97663673168634,152.85577001128874,82.60080108867712,230,-70.25496892261162,False,Normal crop cycle,2022-10-23,2023-03-24
817,51,0.5822806196080313,0.07657782683769862,0.5153290669123332,81.80135946392087,240.81212195273412,159.01076248881324,82.60080108867712,234,-76.40996140013613,False,Normal crop cycle,2022-10-21,2023-03-29
708,51,0.4654717913695744,0.10103234970061989,0.3736928107401172,89.95756866251811,251.10530510827394,161.1477364457558,83.17087839558155,208,-77.97685805017426,False,Normal crop cycle,2022-10-29,2023-04-09
246,52,0.4302888779263747,0.10391419920482134,0.3389792613292995,76.72131113923336,238.7163776490324,161.99506650979905,83.15063624412585,245,-78.8444302656732,False,Normal crop cycle,2022-10-16,2023-03-27
142,62,0.38303881511092186,0.11760056996718049,0.28373071108944714,76.12632722201802,238.82162940690284,162.69530218488484,82.90888726670742,246,-79.78641491817741,False,Normal crop cycle,2022-10-16,2023-03-27
2112,53,0.4769738412955228,0.10077846385100309,0.389994623249068,78.70348690175173,243.26012527093872,164.556638369187,82.90888726670742,240,-81.64775110247957,False,Normal crop cycle,2022-10-18,2023-04-01
469,52,0.4085762384145156,0.1406837983947733,0.28723444619580457,87.31687291693171,251.96882411212545,164.65195119519373,82.53446388806523,217,-82.1174873071285,False,Normal crop cycle,2022-10-27,2023-04-09
358,52,0.5149034413284269,0.08271951961877018,0.4442454761472242,85.39023351581368,251.86770679755773,166.47747328174404,82.667138289289,223,-83.81033499245504,False,Normal crop cycle,2022-10-25,2023-04-09
307,52,0.39198793011695837,0.13991007334444414,0.2652378906170989,79.7352008463357,250.02497626547415,170.28977541913844,82.53446388806523,239,-87.7553115310732,False,Normal crop cycle,2022-10-19,2023-04-08
1930,58,0.43574083815602693,0.220990774276502,0.2219355840455083,85.9818642511489,258.9509461940842,172.9690819429353,82.46087577442883,220,-90.50820616850648,False,Normal crop cycle,2022-10-25,2023-04-16
2847,53,0.4413305496682926,0.08136334928626918,0.36484020849575804,76.11922624920689,252.78455900345045,176.66533275424356,82.90888726670742,246,-93.75644548753614,False,Normal crop cycle,2022-10-16,2023-04-10
82,52,0.4563348184271557,0.09348795334013497,0.3781850916159347,82.85446962082115,259.31794450409063,176.4634748832695,82.60080108867712,230,-93.86267379459238,False,Normal crop cycle,2022-10-22,2023-04-17
633,52,0.5055998538402801,0.0845520367211801,0.4312285115902728,84.85747099891093,261.53223918478085,176.67476818586994,82.667138289289,225,-94.00762989658094,False,Normal crop cycle,2022-10-24,2023-04-19
110,70,0.3832186438273965,0.1522152245436844,0.2513173734279055,76.20518353131641,254.54847441501894,178.34329088370254,82.90888726670742,246,-95.43440361699511,False,Normal crop cycle,2022-10-16,2023-04-12
1178,51,0.5831318899456944,0.08205767780808466,0.511153336780678,73.76169196731601,251.94343001058152,178.1817380432655,82.667138289289,247,-95.51459975397651,False,Normal crop cycle,2022-10-13,2023-04-09
1385,57,0.4080649270461156,0.10250559979333328,0.31803094828501344,79.31473069401322,257.83765839940025,178.52292770538702,82.60080108867712,238,-95.9221266167099,False,Normal crop cycle,2022-10-19,2023-04-15
465,71,0.4789898325143189,0.1005736594511704,0.39182458034179773,92.37846273060804,272.2598641521039,179.88140142149587,83.19112054703727,191,-96.6902808744586,False,Normal crop cycle,2022-11-01,2023-04-30
434,52,0.3926343265784918,0.10596491694676978,0.3020432055576584,69.4695430827858,249.25139097919097,179.78184789640517,82.55915540297315,240,-97.22269249343202,False,Normal crop cycle,2022-10-09,2023-04-07
90,52,0.4915807326423361,0.0813419360984513,0.42005499381017175,77.95534504562946,258.3827805309255,180.42743548529606,82.90888726670742,242,-97.51854821858863,False,Normal crop cycle,2022-10-17,2023-04-16
1657,58,0.3818292446293921,0.24645573325314613,0.15111681214481032,78.67180410966223,259.1719956959625,180.50019158630028,82.90888726670742,240,-97.59130431959285,False,Normal crop cycle,2022-10-18,2023-04-17
899,51,0.4136769656430591,0.10206315243108706,0.32847325080497697,19.53097425874714,245.12851940897144,225.5975451502243,127.87771973062593,20,-97.71982541959838,False,Normal crop cycle,2022-08-20,2023-04-03
1829,57,0.4074933587811714,0.25204255010268484,0.1724936688246653,77.68495021573257,259.06410141840394,181.37915120267138,82.90888726670742,242,-98.47026393596396,False,Normal crop cycle,2022-10-17,2023-04-17
2764,53,0.353711308032123,0.1520943412301958,0.2455950378426138,30.32779992038775,259.1210774335965,228.79327751320875,129.85276279746182,17,-98.94051471574693,False,Normal crop cycle,2022-08-31,2023-04-17
1515,58,0.41572270073272566,0.2632298013279713,0.16992785263453983,77.60484073306907,259.9497733508945,182.3449326178254,82.90888726670742,242,-99.43604535111798,False,Normal crop cycle,2022-10-17,2023-04-17
2988,61,0.3878523519476958,0.08166789194255804,0.31316896702731606,74.53401517701059,256.79309983374,182.25908465672939,82.667138289289,247,-99.59194636744039,False,Normal crop cycle,2022-10-14,2023-04-14
1837,51,0.4196855620837506,0.28415895924891954,0.1705257820862311,86.72453569470223,269.228080152861,182.50354445815879,82.60080108867712,216,-99.90274336948167,False,Normal crop cycle,2022-10-26,2023-04-27
2268,56,0.384865244559478,0.21797599250725075,0.1953064053939374,83.23565054693157,266.509912889051,183.27426234211944,82.60080108867712,230,-100.67346125344233,False,Normal crop cycle,2022-10-23,2023-04-24
427,52,0.34138840549204447,0.09092437168200539,0.2579888076814887,69.42632817507707,252.73282829699545,183.30650012191836,82.55915540297315,240,-100.74734471894521,False,Normal crop cycle,2022-10-09,2023-04-10
1614,51,0.437169317471779,0.2901071363081366,0.17186061103465194,80.11673719344917,268.27361339598554,188.15687620253635,82.667138289289,235,-105.48973791324735,False,Normal crop cycle,2022-10-20,2023-04-26
2391,56,0.43657677061855793,0.09533152603902495,0.3566425321623683,82.70382698154638,271.507815019898,188.80398803835158,82.46087577442883,232,-106.34311226392275,False,Normal crop cycle,2022-10-22,2023-04-29
1910,57,0.38233204011587385,0.24037155730927245,0.15927846674272353,78.45641850005902,268.0305507251676,189.57413222510857,82.90888726670742,240,-106.66524495840115,False,Normal crop cycle,2022-10-18,2023-04-26
1850,58,0.47855688533822044,0.3092037383161607,0.19909084380650127,79.5504010619904,268.7901155584424,189.239714496452,82.53446388806523,239,-106.70525060838676,False,Normal crop cycle,2022-10-19,2023-04-26
11,63,0.3977854148396393,0.2247711098769911,0.1907879339877761,76.92780001363946,266.58314998161734,189.65534996797788,82.90888726670742,244,-106.74646270127046,False,Normal crop cycle,2022-10-16,2023-04-24
1843,57,0.37460635343323584,0.23816614320888613,0.15566104214980409,77.50778631133566,267.7468706890857,190.23908437775003,82.667138289289,243,-107.57194608846103,False,Normal crop cycle,2022-10-17,2023-04-25
2034,56,0.36175413853649435,0.2262489915793312,0.1524548062669306,78.84476639560417,269.4540154942371,190.60924909863297,82.90888726670742,240,-107.70036183192555,False,Normal crop cycle,2022-10-18,2023-04-27
1909,57,0.4100451572346933,0.265091313283468,0.16370266675949097,76.66888466349369,268.0275450851411,191.35866042164744,83.15063624412585,245,-108.2080241775216,False,Normal crop cycle,2022-10-16,2023-04-26
1285,58,0.3848631869662892,0.21395899922671643,0.19273869058286602,85.5426469166594,276.57205878856695,191.02941187190754,82.667138289289,223,-108.36227358261854,False,Normal crop cycle,2022-10-25,2023-05-04
1341,57,0.37540098422705526,0.1975138471132577,0.19757736942759066,77.60531801612417,269.52573158671896,191.9204135705948,82.90888726670742,242,-109.01152630388738,False,Normal crop cycle,2022-10-17,2023-04-27
1933,53,0.5605774727994448,0.37880682248162895,0.22877868868784812,87.77419291062856,280.09813815948786,192.3239452488593,82.90888726670742,214,-109.41505798215188,False,Normal crop cycle,2022-10-27,2023-05-08
1327,52,0.39355727467829216,0.05902979782135305,0.33965035477007166,80.33414319846521,272.61977595654974,192.28563275808455,82.667138289289,235,-109.61849446879555,False,Normal crop cycle,2022-10-20,2023-04-30
1502,51,0.41022006834928804,0.29079975726512763,0.15536516641194997,77.38093232067077,269.9167111584645,192.53577883779377,82.90888726670742,244,-109.62689157108635,False,Normal crop cycle,2022-10-17,2023-04-27
66,51,0.4004004267626442,0.07887789653614163,0.325446470422321,78.33789030592813,270.914010502712,192.5761201967839,82.90888726670742,240,-109.66723293007648,False,Normal crop cycle,2022-10-18,2023-04-28
1842,58,0.39607708023427285,0.2604514846246537,0.15926953402590263,76.48479011559722,269.3392376549738,192.85444753937657,83.15063624412585,245,-109.70381129525072,False,Normal crop cycle,2022-10-16,2023-04-27
1296,52,0.42611489163504707,0.0852368874102831,0.34825973911417857,75.4090006897348,268.9327675468532,193.5237668571184,83.15063624412585,247,-110.37313061299255,False,Normal crop cycle,2022-10-15,2023-04-26
2858,53,0.3847695217778285,0.07785341359674931,0.3150690749287605,81.3383251311412,275.8202055426174,194.48188041147617,82.60080108867712,234,-111.88107932279905,False,Normal crop cycle,2022-10-21,2023-05-03
395,52,0.3531604612252557,0.11970255880318967,0.24845704893322337,77.67216692967668,276.0306701964437,198.358503266767,82.90888726670742,242,-115.44961600005958,False,Normal crop cycle,2022-10-17,2023-05-04
302,52,0.3383755936885058,0.19153610172528607,0.1570898011715999,21.944396541053205,261.6772401175132,239.73284357645997,122.83281200299452,20,-116.90003157346545,False,Normal crop cycle,2022-08-22,2023-04-19
214,51,0.41674460849262834,0.11740337354281256,0.31334913612181925,64.44392795912897,265.4697321724858,201.02580421335682,82.92912941816314,210,-118.09667479519368,False,Normal crop cycle,2022-10-04,2023-04-23
470,52,0.3599532592619203,0.13357464556399848,0.23983900026255048,59.75979500623538,265.7266619523166,205.9668669460812,85.31072428727691,176,-120.6561426588043,False,Normal crop cycle,2022-09-29,2023-04-23
1983,53,0.4133805281271665,0.09045710441147545,0.32576108390301517,77.27503282865403,282.41612945873135,205.1410966300773,82.90888726670742,244,-122.23220936336988,False,Normal crop cycle,2022-10-17,2023-05-10
1092,51,0.3694971857253354,0.20008339204071066,0.2063444269167402,17.46749779264725,270.2788010034325,252.81130321078524,130.48317947396617,18,-122.32812373681907,False,Normal crop cycle,2022-08-18,2023-04-28
2717,59,0.41716532794328837,0.27250697571956195,0.2396987406594249,71.98103418229866,279.59127119392224,207.61023701162358,82.62549260358503,246,-124.98474440803855,False,Normal crop cycle,2022-10-11,2023-05-07
1050,51,0.4325208020626858,0.10314400815888972,0.34091028396881395,65.8411404326234,274.22257089981133,208.38143046718793,82.58384691788106,229,-125.79758354930686,False,Normal crop cycle,2022-10-05,2023-05-02
1967,57,0.4205310791730881,0.25408518809776803,0.1843381563757921,56.91830351228869,267.4184266461401,210.50012313385145,83.91108010220883,129,-126.58904303164262,False,Normal crop cycle,2022-09-26,2023-04-25
664,50,0.30844584987922147,0.10742735378782858,0.22548499232666058,14.17270886124697,278.410171680534,264.23746281928703,131.1135961504705,17,-133.12386666881653,False,Normal crop cycle,2022-08-15,2023-05-06
2631,53,0.3823103802402814,0.22887941997249922,0.17640999699632326,58.995495678179736,287.55048974941303,228.5549940712333,83.91108010220883,161,-144.64391396902448,False,Normal crop cycle,2022-09-28,2023-05-15
1966,57,0.327219749695247,0.1482525141276035,0.1885336655547324,64.75942783527238,320.9705643585431,256.2111365232707,82.62549260358503,214,-173.58564391968565,False,Normal crop cycle,2022-10-04,2023-06-17
26,52,0.5735278915742348,0.0956463639078469,0.48966427455688344,,59.884742287272836,,,0,,False,Not assessable,,2022-09-29
1045,52,0.5663687646962129,0.20625921175456965,0.40195670086317337,,13.432653386022858,,,0,,False,Not assessable,,2022-08-14
1461,58,0.3693878917193939,0.23411040731973076,0.14663253261557885,77.59869857256761,258.15208524491305,180.55338667234543,,0,,False,Perennial or stable (e.g. palm groves),2022-10-17,2023-04-16
1462,57,0.32721150616804756,0.2159748484690984,0.13257383766273656,79.18617158856482,267.47370555405524,188.2875339654904,,0,,False,Perennial or stable (e.g. palm groves),2022-10-19,2023-04-25
1789,58,0.3329717700680097,0.14973468177848392,0.1947613924741745,,60.864235720681705,,,0,,False,Not assessable,,2022-09-30
1941,53,0.45753713937378243,0.08587861276770893,0.3865165881273386,335.33497381171094,,,,0,,False,Not assessable,2023-07-02,
1980,57,0.3631878955975959,0.23571710847318172,0.14463033992797134,77.39896312101654,259.72185262692483,182.32288950590828,,0,,False,Perennial or stable (e.g. palm groves),2022-10-17,2023-04-17
2005,57,0.38542584233875854,0.24998437351518826,0.14664278879098647,76.36611107536527,259.62914861684936,183.2630375414841,,0,,False,Perennial or stable (e.g. palm groves),2022-10-16,2023-04-17
2095,57,0.35933951530605557,0.22537051755934953,0.149439212679863,76.31785766201796,267.2834064522679,190.96554879024995,,0,,False,Perennial or stable (e.g. palm groves),2022-10-16,2023-04-25
2121,57,0.3208461657483527,0.19106840104498762,0.13433027838138822,77.02612950407362,185.0760078405375,108.04987833646388,,0,,False,Not assessable,2022-10-17,2023-02-02
2261,53,0.37288872469612894,0.08441017774191309,0.293940220820777,,74.8535903374158,,,0,,False,Not assessable,,2022-10-14
2270,54,0.6748753400409923,0.0995518524272769,0.5837117509514678,,70.76678294423793,,,0,,False,Not assessable,,2022-10-10
2319,57,0.5256583638489246,0.11229154221140422,0.4424613277117411,,61.645144178352886,,,0,,False,Not assessable,,2022-10-01
2530,53,0.6668940177660877,0.08095445269245212,0.5903880531915415,,68.48624033693302,,,0,,False,Not assessable,,2022-10-08
2551,53,0.36143323703269875,0.09816931892718588,0.2702995271488492,,151.96287027948796,,,0,,False,Not assessable,,2022-12-30
2573,53,0.3580511376775544,0.2597177976164325,0.12848131076015273,78.78289978356801,328.0075897344636,249.22468995089557,,0,,False,Perennial or stable (e.g. palm groves),2022-10-18,2023-06-25
2707,53,0.4063246091038494,0.16198649575018279,0.26513030983002506,328.4025556015588,,,,0,,False,Not assessable,2023-06-25,
2784,58,0.6571713405496934,0.06029703859970266,0.6066535124737843,290.4035461342481,334.7560430080508,44.35249687380275,,0,,False,Not assessable,2023-05-18,2023-07-01
2796,58,0.22291548638525654,0.1169870530776048,0.11615521883813,62.90336418172949,330.36226631933033,267.45890213760083,,0,,False,Not assessable,2022-10-02,2023-06-27
2830,58,0.48882396136011397,0.08891539491713046,0.4153538116386959,,64.88279231148515,,,0,,False,Not assessable,,2022-10-04
3016,60,0.44744658932205317,0.10069441369395385,0.36219077409510797,,89.04075321114726,,,0,,False,Not assessable,,2022-10-29
